{"job_id": 0, "data_path": "/home/marjan/Documents/code-base/ml_datasets/pps_pair", "in_dim": 92, "train_size": 5244, "valid_size": 655, "test_size": 655, "running_loss": 2.759311225754444, "force_running_loss": 1.8385511048166363, "torque_running_loss": 0.9207601276593227, "learning rate": 0.001, "_timestamp": 1704395093.2622786, "_runtime": 89.08790254592896, "_step": 58, "gradients/energy_net.5.weight": {"_type": "histogram", "values": [1.0, 0.0, 0.0, 0.0, 0.0, 0.0, 0.0, 0.0, 0.0, 0.0, 0.0, 0.0, 0.0, 0.0, 0.0, 0.0, 2.0, 0.0, 0.0, 0.0, 0.0, 0.0, 0.0, 2.0, 0.0, 0.0, 0.0, 2.0, 0.0, 0.0, 1.0, 0.0, 0.0, 0.0, 0.0, 1.0, 0.0, 0.0, 0.0, 0.0, 0.0, 0.0, 0.0, 0.0, 0.0, 0.0, 0.0, 0.0, 0.0, 0.0, 0.0, 0.0, 0.0, 0.0, 0.0, 0.0, 0.0, 0.0, 0.0, 0.0, 0.0, 0.0, 0.0, 1.0], "bins": [-0.3134945034980774, -0.30003494024276733, -0.28657540678977966, -0.2731158435344696, -0.25965628027915955, -0.24619673192501068, -0.23273716866970062, -0.21927762031555176, -0.2058180570602417, -0.19235850870609283, -0.17889896035194397, -0.1654393970966339, -0.15197984874248505, -0.138520285487175, -0.12506073713302612, -0.11160118132829666, -0.0981416255235672, -0.08468206971883774, -0.07122251391410828, -0.05776296183466911, -0.04430340602993965, -0.03084385022521019, -0.017384296283125877, -0.00392474140971899, 0.009534813463687897, 0.02299436926841736, 0.03645392507314682, 0.04991347715258598, 0.06337302923202515, 0.07683258503675461, 0.09029214084148407, 0.10375169664621353, 0.117211252450943, 0.13067080080509186, 0.14413036406040192, 0.15758991241455078, 0.17104947566986084, 0.1845090240240097, 0.19796858727931976, 0.21142813563346863, 0.2248876988887787, 0.23834724724292755, 0.2518067955970764, 0.2652663588523865, 0.27872592210769653, 0.2921854555606842, 0.30564501881599426, 0.3191045820713043, 0.332564115524292, 0.34602367877960205, 0.3594832420349121, 0.37294280529022217, 0.38640233874320984, 0.3998619019985199, 0.41332146525382996, 0.42678102850914, 0.4402405619621277, 0.45370012521743774, 0.4671596884727478, 0.4806192219257355, 0.49407878518104553, 0.5075383186340332, 0.5209978818893433, 0.5344574451446533, 0.5479170083999634]}, "gradients/energy_net.2.bias": {"_type": "histogram", "values": [1.0, 0.0, 0.0, 0.0, 0.0, 0.0, 0.0, 0.0, 0.0, 2.0, 0.0, 0.0, 0.0, 0.0, 2.0, 0.0, 0.0, 1.0, 0.0, 2.0, 0.0, 0.0, 0.0, 0.0, 0.0, 0.0, 0.0, 0.0, 0.0, 0.0, 1.0, 0.0, 0.0, 0.0, 0.0, 0.0, 0.0, 0.0, 0.0, 0.0, 0.0, 0.0, 0.0, 0.0, 0.0, 0.0, 0.0, 0.0, 0.0, 0.0, 0.0, 0.0, 0.0, 0.0, 0.0, 0.0, 0.0, 0.0, 0.0, 0.0, 0.0, 0.0, 0.0, 1.0], "bins": [-0.10917158424854279, -0.10184794664382935, -0.0945243164896965, -0.08720067888498306, -0.07987704873085022, -0.07255341112613678, -0.06522977352142334, -0.0579061396420002, -0.05058250576257706, -0.043258871883153915, -0.035935238003730774, -0.028611600399017334, -0.021287966519594193, -0.013964331708848476, -0.00664069689810276, 0.0006829379126429558, 0.008006572723388672, 0.015330207534134388, 0.022653842344880104, 0.029977478086948395, 0.037301111966371536, 0.04462474584579468, 0.05194838345050812, 0.05927201732993126, 0.0665956512093544, 0.07391928881406784, 0.08124291896820068, 0.08856655657291412, 0.09589019417762756, 0.1032138243317604, 0.11053746193647385, 0.11786109209060669, 0.12518471479415894, 0.13250835239887238, 0.13983199000358582, 0.14715561270713806, 0.1544792503118515, 0.16180288791656494, 0.16912652552127838, 0.17645016312599182, 0.18377378582954407, 0.1910974234342575, 0.19842106103897095, 0.2057446986436844, 0.21306833624839783, 0.22039197385311127, 0.2277155965566635, 0.23503923416137695, 0.2423628717660904, 0.24968650937080383, 0.2570101320743561, 0.2643337845802307, 0.27165740728378296, 0.2789810597896576, 0.28630468249320984, 0.2936283051967621, 0.3009519577026367, 0.30827558040618896, 0.3155992329120636, 0.32292285561561584, 0.3302464783191681, 0.3375701308250427, 0.34489375352859497, 0.3522174060344696, 0.35954102873802185]}, "gradients/energy_net.2.weight": {"_type": "histogram", "values": [1.0, 0.0, 0.0, 1.0, 1.0, 0.0, 0.0, 0.0, 0.0, 0.0, 0.0, 0.0, 0.0, 0.0, 1.0, 2.0, 0.0, 2.0, 0.0, 2.0, 2.0, 0.0, 1.0, 4.0, 2.0, 3.0, 6.0, 8.0, 4.0, 2.0, 25.0, 2.0, 1.0, 2.0, 4.0, 7.0, 2.0, 2.0, 0.0, 3.0, 0.0, 3.0, 2.0, 0.0, 2.0, 0.0, 0.0, 0.0, 0.0, 1.0, 0.0, 0.0, 0.0, 0.0, 0.0, 0.0, 1.0, 0.0, 0.0, 0.0, 0.0, 0.0, 0.0, 1.0], "bins": [-0.295209676027298, -0.28557902574539185, -0.2759483754634857, -0.2663177251815796, -0.2566870450973511, -0.24705640971660614, -0.23742574453353882, -0.2277950942516327, -0.21816444396972656, -0.20853379368782043, -0.1989031434059143, -0.18927247822284698, -0.17964182794094086, -0.17001117765903473, -0.1603805124759674, -0.15074986219406128, -0.14111921191215515, -0.13148856163024902, -0.1218579038977623, -0.11222724616527557, -0.10259659588336945, -0.09296594560146332, -0.08333528786897659, -0.07370463013648987, -0.06407397985458374, -0.054443325847387314, -0.04481267184019089, -0.03518201783299446, -0.025551363825798035, -0.01592070981860161, -0.006290055811405182, 0.0033405981957912445, 0.012971252202987671, 0.022601906210184097, 0.032232560217380524, 0.04186321422457695, 0.051493868231773376, 0.0611245222389698, 0.07075517624616623, 0.08038583397865295, 0.09001648426055908, 0.09964713454246521, 0.10927779227495193, 0.11890845000743866, 0.1285391002893448, 0.13816975057125092, 0.14780041575431824, 0.15743106603622437, 0.1670617163181305, 0.17669236660003662, 0.18632301688194275, 0.19595368206501007, 0.2055843323469162, 0.21521498262882233, 0.22484564781188965, 0.23447629809379578, 0.2441069483757019, 0.25373759865760803, 0.26336824893951416, 0.2729988992214203, 0.2826295495033264, 0.29226022958755493, 0.30189087986946106, 0.3115215301513672, 0.3211521804332733]}, "gradients/energy_net.0.bias": {"_type": "histogram", "values": [1.0, 0.0, 0.0, 0.0, 0.0, 0.0, 1.0, 0.0, 0.0, 0.0, 0.0, 0.0, 0.0, 0.0, 0.0, 0.0, 0.0, 0.0, 0.0, 0.0, 0.0, 0.0, 0.0, 0.0, 0.0, 0.0, 0.0, 0.0, 0.0, 0.0, 0.0, 0.0, 1.0, 0.0, 0.0, 0.0, 0.0, 0.0, 0.0, 1.0, 0.0, 0.0, 1.0, 0.0, 0.0, 0.0, 1.0, 1.0, 1.0, 0.0, 0.0, 0.0, 0.0, 1.0, 0.0, 0.0, 0.0, 0.0, 0.0, 0.0, 0.0, 0.0, 0.0, 1.0], "bins": [-0.5039675235748291, -0.4916722774505615, -0.47937703132629395, -0.46708178520202637, -0.4547865390777588, -0.4424913227558136, -0.430196076631546, -0.41790083050727844, -0.40560558438301086, -0.3933103382587433, -0.3810150921344757, -0.36871984601020813, -0.35642462968826294, -0.34412938356399536, -0.3318341374397278, -0.3195388913154602, -0.3072436451911926, -0.29494839906692505, -0.28265315294265747, -0.2703579068183899, -0.2580626606941223, -0.24576742947101593, -0.23347219824790955, -0.22117695212364197, -0.2088817059993744, -0.1965864598751068, -0.18429121375083923, -0.17199598252773285, -0.15970073640346527, -0.1474054902791977, -0.1351102590560913, -0.12281501293182373, -0.11051976680755615, -0.09822452068328857, -0.08592928200960159, -0.07363404333591461, -0.061338797211647034, -0.049043554812669754, -0.036748312413692474, -0.024453070014715195, -0.012157827615737915, 0.00013741478323936462, 0.012432657182216644, 0.024727899581193924, 0.037023141980171204, 0.04931838437914848, 0.06161362677812576, 0.07390886545181274, 0.08620411157608032, 0.0984993577003479, 0.11079459637403488, 0.12308983504772186, 0.13538508117198944, 0.14768032729625702, 0.1599755585193634, 0.17227080464363098, 0.18456605076789856, 0.19686129689216614, 0.20915654301643372, 0.2214517742395401, 0.23374702036380768, 0.24604226648807526, 0.25833749771118164, 0.2706327438354492, 0.2829279899597168]}, "gradients/energy_net.0.weight": {"_type": "histogram", "values": [1.0, 0.0, 0.0, 1.0, 0.0, 0.0, 1.0, 2.0, 2.0, 1.0, 4.0, 3.0, 4.0, 4.0, 9.0, 6.0, 8.0, 9.0, 11.0, 13.0, 12.0, 14.0, 12.0, 30.0, 46.0, 112.0, 195.0, 163.0, 88.0, 60.0, 25.0, 18.0, 14.0, 10.0, 10.0, 13.0, 4.0, 3.0, 1.0, 4.0, 1.0, 1.0, 2.0, 0.0, 1.0, 0.0, 0.0, 0.0, 0.0, 0.0, 0.0, 0.0, 0.0, 0.0, 0.0, 0.0, 0.0, 0.0, 0.0, 0.0, 0.0, 1.0, 0.0, 1.0],